CREATE TABLE people(
    person_id INT NOT NULL PRIMARY KEY AUTO_INCREMENT,
    last_name VARCHAR(255),
    first_name VARCHAR(255),
    `address` VARCHAR (255),
    city VARCHAR(255)
);

CREATE OR REPLACE VIEW `platzi_people` AS
    SELECT * FROM platziblog.people;

ALTER TABLE people
ADD COLUMN `date_of_birth` DATETIME AFTER `city`;

ALTER TABLE people
CHANGE COLUMN `date_of_birth` `vdate_of_birth` VARCHAR(30);

ALTER TABLE people
DROP COLUMN `vdate_of_birth`;

INSERT INTO people (last_name, first_name, `address`, city)
VALUES ('Hernandez', 'Laura', 'Calle 21', 'Monterrey');

UPDATE people 
SET last_name = 'Chavez', city = 'Merida'
WHERE person_id = 1;

UPDATE people
SET first_name = 'Juan'
WHERE city = 'Merida';

DELETE FROM people
WHERE person_id = 1;

CREATE TABLE categorias(
    categoria_id INT NOT NULL PRIMARY KEY AUTO_INCREMENT,
    nombre_categoria VARCHAR(30) NOT NULL
);

CREATE TABLE etiquetas(
    etiqueta_id INT NOT NULL PRIMARY KEY AUTO_INCREMENT,
    nombre_etiqueta VARCHAR(30) NOT NULL
);

CREATE TABLE usuarios(
    usuario_id INT NOT NULL PRIMARY KEY AUTO_INCREMENT,
    `login` VARCHAR(30) NOT NULL,
    `password` VARCHAR(32) NOT NULL,
    nickname VARCHAR(40) NOT NULL UNIQUE,
    email VARCHAR(40) NOT NULL UNIQUE
);

CREATE TABLE posts(
    post_id INT NOT NULL PRIMARY KEY AUTO_INCREMENT,
    titulo VARCHAR(130) NOT NULL,
    fecha_publicacion TIMESTAMP,
    contenido TEXT NOT NULL,
    estatus CHAR(8) DEFAULT 'Activo',
    usuario_id INT NOT NULL,
    categoria_id INT NOT NULL
);

ALTER TABLE posts
ADD INDEX post_usuarios_idx (usuario_id ASC);
ALTER TABLE posts
ADD CONSTRAINT fk_posts_usuarios
FOREIGN KEY (usuario_id) 
REFERENCES usuarios(usuario_id)
ON DELETE NO ACTION
ON UPDATE CASCADE
;

ALTER TABLE posts
ADD INDEX post_categorias_idx (categoria_id ASC);
ALTER TABLE posts
ADD CONSTRAINT fk_post_categorias
FOREIGN KEY (categoria_id)
REFERENCES categorias(categoria_id)
ON DELETE NO ACTION
ON UPDATE NO ACTION;

CREATE TABLE comentarios(
    comentario_id INT NOT NULL PRIMARY KEY AUTO_INCREMENT,
    cuerpo_comentario TEXT NOT NULL,
    usuario_id INT NOT NULL,
    post_id INT NOT NULL
);

ALTER TABLE comentarios
ADD INDEX comentarios_usuarios_idx (usuario_id ASC);
ALTER TABLE comentarios
ADD CONSTRAINT fk_comentarios_usuarios
FOREIGN KEY (usuario_id) 
REFERENCES usuarios(usuario_id)
ON DELETE NO ACTION
ON UPDATE NO ACTION
;
ALTER TABLE comentarios
ADD INDEX comentarios_posts_idx (post_id ASC);
ALTER TABLE comentarios
ADD CONSTRAINT fk_comentarios_post
FOREIGN KEY (post_id) 
REFERENCES posts(post_id)
ON DELETE NO ACTION
ON UPDATE NO ACTION
;

/*tabla transitiva*/
CREATE TABLE posts_etiquetas(
    post_etiqueta_id INT NOT NULL PRIMARY KEY AUTO_INCREMENT,
    post_id INT NOT NULL,
    etiqueta_id INT NOT NULL
);
ALTER TABLE posts_etiquetas
ADD INDEX postsetiquetas_posts_idx (post_id ASC);
ALTER TABLE posts_etiquetas
ADD CONSTRAINT fk_postsetiquetas_posts
FOREIGN KEY (post_id) 
REFERENCES posts(post_id)
ON DELETE NO ACTION
ON UPDATE NO ACTION
;
ALTER TABLE posts_etiquetas
ADD INDEX postsetiquetas_etiquetas_idx (etiqueta_id ASC);
ALTER TABLE posts_etiquetas
ADD CONSTRAINT fk_postsetiquetas_etiquetas
FOREIGN KEY (etiqueta_id) 
REFERENCES etiquetas(etiqueta_id)
ON DELETE NO ACTION
ON UPDATE NO ACTION
;

INSERT INTO usuarios (login,password,nickname,email) 
VALUES ('israel','jc8209*(^GCHN_(hcLA','Israel','israel@platziblog.com'),
('monica','(*&^LKJDHC_(*#YDLKJHODG','Moni','monica@platziblog.com'),
('laura','LKDJ)_*(-c.M:\"[pOwHDˆåßƒ∂','Lau','laura@platziblog.com'),
('edgar','LLiy)CX*Y:M<A<SC_(*N>O','Ed','edgar@platziblog.com'),
('perezoso','&N_*JS)_Y)*(&TGOKS','Oso Pérez','perezoso@platziblog.com');

INSERT INTO categorias (nombre_categoria) 
VALUES ('Ciencia'), 
('Tecnología'), 
('Deportes'),
('Espectáculos'),
('Economía');

INSERT INTO etiquetas (nombre_etiqueta) 
VALUES ('Robótica'),
('Computación'),
('Teléfonos Móviles'),
('Automovilismo'),
('Campeonatos'),
('Equipos'),
('Bolsa de valores'),
('Inversiones'),
('Brokers'),
('Celebridades'),
('Eventos'),
('Moda'),
('Avances'),
('Nobel'),
('Matemáticas'),
('Química'),
('Física'),
('Largo plazo'),
('Bienes Raíces'),
('Estilo');

INSERT INTO posts (post_id, titulo,fecha_publicacion,contenido,estatus,usuario_id,categoria_id) 
VALUES (1, 'Se presenta el nuevo teléfono móvil en evento','2030-04-05 00:00:00','Phasellus laoreet eros nec vestibulum varius. Nunc id efficitur lacus, non imperdiet quam. Aliquam porta, tellus at porta semper, felis velit congue mauris, eu pharetra felis sem vitae tortor. Curabitur bibendum vehicula dolor, nec accumsan tortor ultrices ac. Vivamus nec tristique orci. Nullam fringilla eros magna, vitae imperdiet nisl mattis et. Ut quis malesuada felis. Proin at dictum eros, eget sodales libero. Sed egestas tristique nisi et tempor. Ut cursus sapien eu pellentesque posuere. Etiam eleifend varius cursus.\n\nNullam viverra quam porta orci efficitur imperdiet. Quisque magna erat, dignissim nec velit sit amet, hendrerit mollis mauris. Mauris sapien magna, consectetur et vulputate a, iaculis eget nisi. Nunc est diam, aliquam quis turpis ac, porta mattis neque. Quisque consequat dolor sit amet velit commodo sagittis. Donec commodo pulvinar odio, ut gravida velit pellentesque vitae. Class aptent taciti sociosqu ad litora torquent per conubia nostra, per inceptos himenaeos.\n\nMorbi vulputate ante quis elit pretium, ut blandit felis aliquet. Aenean a massa a leo tristique malesuada. Curabitur posuere, elit sed consectetur blandit, massa mauris tristique ante, in faucibus elit justo quis nisi. Ut viverra est et arcu egestas fringilla. Mauris condimentum, lorem id viverra placerat, libero lacus ultricies est, id volutpat metus sapien non justo. Nulla facilisis, sapien ut vehicula tristique, mauris lectus porta massa, sit amet malesuada dolor justo id lectus. Suspendisse sit amet tempor ligula. Nam sit amet nisl non magna lacinia finibus eget nec augue. Aliquam ornare cursus dapibus. Lorem ipsum dolor sit amet, consectetur adipiscing elit.\n\nDonec ornare sem eget massa pharetra rhoncus. Donec tempor sapien at posuere porttitor. Morbi sodales efficitur felis eu scelerisque. Quisque ultrices nunc ut dignissim vehicula. Donec id imperdiet orci, sed porttitor turpis. Etiam volutpat elit sed justo lobortis, tincidunt imperdiet velit pretium. Ut convallis elit sapien, ac egestas ipsum finibus a. Morbi sed odio et dui tincidunt rhoncus tempor id turpis.\n\nProin fringilla consequat imperdiet. Ut accumsan velit ac augue sollicitudin porta. Phasellus finibus porttitor felis, a feugiat purus tempus vel. Etiam vitae vehicula ex. Praesent ut tellus tellus. Fusce felis nunc, congue ac leo in, elementum vulputate nisi. Duis diam nulla, consequat ac mauris quis, viverra gravida urna.','activo',1,2),
(2, 'Tenemos un nuevo auto inteligente','2025-05-04 00:00:00','Phasellus laoreet eros nec vestibulum varius. Nunc id efficitur lacus, non imperdiet quam. Aliquam porta, tellus at porta semper, felis velit congue mauris, eu pharetra felis sem vitae tortor. Curabitur bibendum vehicula dolor, nec accumsan tortor ultrices ac. Vivamus nec tristique orci. Nullam fringilla eros magna, vitae imperdiet nisl mattis et. Ut quis malesuada felis. Proin at dictum eros, eget sodales libero. Sed egestas tristique nisi et tempor. Ut cursus sapien eu pellentesque posuere. Etiam eleifend varius cursus.\n\nNullam viverra quam porta orci efficitur imperdiet. Quisque magna erat, dignissim nec velit sit amet, hendrerit mollis mauris. Mauris sapien magna, consectetur et vulputate a, iaculis eget nisi. Nunc est diam, aliquam quis turpis ac, porta mattis neque. Quisque consequat dolor sit amet velit commodo sagittis. Donec commodo pulvinar odio, ut gravida velit pellentesque vitae. Class aptent taciti sociosqu ad litora torquent per conubia nostra, per inceptos himenaeos.\n\nMorbi vulputate ante quis elit pretium, ut blandit felis aliquet. Aenean a massa a leo tristique malesuada. Curabitur posuere, elit sed consectetur blandit, massa mauris tristique ante, in faucibus elit justo quis nisi. Ut viverra est et arcu egestas fringilla. Mauris condimentum, lorem id viverra placerat, libero lacus ultricies est, id volutpat metus sapien non justo. Nulla facilisis, sapien ut vehicula tristique, mauris lectus porta massa, sit amet malesuada dolor justo id lectus. Suspendisse sit amet tempor ligula. Nam sit amet nisl non magna lacinia finibus eget nec augue. Aliquam ornare cursus dapibus. Lorem ipsum dolor sit amet, consectetur adipiscing elit.\n\nDonec ornare sem eget massa pharetra rhoncus. Donec tempor sapien at posuere porttitor. Morbi sodales efficitur felis eu scelerisque. Quisque ultrices nunc ut dignissim vehicula. Donec id imperdiet orci, sed porttitor turpis. Etiam volutpat elit sed justo lobortis, tincidunt imperdiet velit pretium. Ut convallis elit sapien, ac egestas ipsum finibus a. Morbi sed odio et dui tincidunt rhoncus tempor id turpis.\n\nProin fringilla consequat imperdiet. Ut accumsan velit ac augue sollicitudin porta. Phasellus finibus porttitor felis, a feugiat purus tempus vel. Etiam vitae vehicula ex. Praesent ut tellus tellus. Fusce felis nunc, congue ac leo in, elementum vulputate nisi. Duis diam nulla, consequat ac mauris quis, viverra gravida urna.','activo',2,2),
(3, 'Ganador del premio Nobel por trabajo en genética','2023-12-22 00:00:00','Phasellus laoreet eros nec vestibulum varius. Nunc id efficitur lacus, non imperdiet quam. Aliquam porta, tellus at porta semper, felis velit congue mauris, eu pharetra felis sem vitae tortor. Curabitur bibendum vehicula dolor, nec accumsan tortor ultrices ac. Vivamus nec tristique orci. Nullam fringilla eros magna, vitae imperdiet nisl mattis et. Ut quis malesuada felis. Proin at dictum eros, eget sodales libero. Sed egestas tristique nisi et tempor. Ut cursus sapien eu pellentesque posuere. Etiam eleifend varius cursus.\n\nNullam viverra quam porta orci efficitur imperdiet. Quisque magna erat, dignissim nec velit sit amet, hendrerit mollis mauris. Mauris sapien magna, consectetur et vulputate a, iaculis eget nisi. Nunc est diam, aliquam quis turpis ac, porta mattis neque. Quisque consequat dolor sit amet velit commodo sagittis. Donec commodo pulvinar odio, ut gravida velit pellentesque vitae. Class aptent taciti sociosqu ad litora torquent per conubia nostra, per inceptos himenaeos.\n\nMorbi vulputate ante quis elit pretium, ut blandit felis aliquet. Aenean a massa a leo tristique malesuada. Curabitur posuere, elit sed consectetur blandit, massa mauris tristique ante, in faucibus elit justo quis nisi. Ut viverra est et arcu egestas fringilla. Mauris condimentum, lorem id viverra placerat, libero lacus ultricies est, id volutpat metus sapien non justo. Nulla facilisis, sapien ut vehicula tristique, mauris lectus porta massa, sit amet malesuada dolor justo id lectus. Suspendisse sit amet tempor ligula. Nam sit amet nisl non magna lacinia finibus eget nec augue. Aliquam ornare cursus dapibus. Lorem ipsum dolor sit amet, consectetur adipiscing elit.\n\nDonec ornare sem eget massa pharetra rhoncus. Donec tempor sapien at posuere porttitor. Morbi sodales efficitur felis eu scelerisque. Quisque ultrices nunc ut dignissim vehicula. Donec id imperdiet orci, sed porttitor turpis. Etiam volutpat elit sed justo lobortis, tincidunt imperdiet velit pretium. Ut convallis elit sapien, ac egestas ipsum finibus a. Morbi sed odio et dui tincidunt rhoncus tempor id turpis.\n\nProin fringilla consequat imperdiet. Ut accumsan velit ac augue sollicitudin porta. Phasellus finibus porttitor felis, a feugiat purus tempus vel. Etiam vitae vehicula ex. Praesent ut tellus tellus. Fusce felis nunc, congue ac leo in, elementum vulputate nisi. Duis diam nulla, consequat ac mauris quis, viverra gravida urna.','activo',3,1),
(4, 'Los mejores vestidos en la alfombra roja','2021-12-22 00:00:00','Phasellus laoreet eros nec vestibulum varius. Nunc id efficitur lacus, non imperdiet quam. Aliquam porta, tellus at porta semper, felis velit congue mauris, eu pharetra felis sem vitae tortor. Curabitur bibendum vehicula dolor, nec accumsan tortor ultrices ac. Vivamus nec tristique orci. Nullam fringilla eros magna, vitae imperdiet nisl mattis et. Ut quis malesuada felis. Proin at dictum eros, eget sodales libero. Sed egestas tristique nisi et tempor. Ut cursus sapien eu pellentesque posuere. Etiam eleifend varius cursus.\n\nNullam viverra quam porta orci efficitur imperdiet. Quisque magna erat, dignissim nec velit sit amet, hendrerit mollis mauris. Mauris sapien magna, consectetur et vulputate a, iaculis eget nisi. Nunc est diam, aliquam quis turpis ac, porta mattis neque. Quisque consequat dolor sit amet velit commodo sagittis. Donec commodo pulvinar odio, ut gravida velit pellentesque vitae. Class aptent taciti sociosqu ad litora torquent per conubia nostra, per inceptos himenaeos.\n\nMorbi vulputate ante quis elit pretium, ut blandit felis aliquet. Aenean a massa a leo tristique malesuada. Curabitur posuere, elit sed consectetur blandit, massa mauris tristique ante, in faucibus elit justo quis nisi. Ut viverra est et arcu egestas fringilla. Mauris condimentum, lorem id viverra placerat, libero lacus ultricies est, id volutpat metus sapien non justo. Nulla facilisis, sapien ut vehicula tristique, mauris lectus porta massa, sit amet malesuada dolor justo id lectus. Suspendisse sit amet tempor ligula. Nam sit amet nisl non magna lacinia finibus eget nec augue. Aliquam ornare cursus dapibus. Lorem ipsum dolor sit amet, consectetur adipiscing elit.\n\nDonec ornare sem eget massa pharetra rhoncus. Donec tempor sapien at posuere porttitor. Morbi sodales efficitur felis eu scelerisque. Quisque ultrices nunc ut dignissim vehicula. Donec id imperdiet orci, sed porttitor turpis. Etiam volutpat elit sed justo lobortis, tincidunt imperdiet velit pretium. Ut convallis elit sapien, ac egestas ipsum finibus a. Morbi sed odio et dui tincidunt rhoncus tempor id turpis.\n\nProin fringilla consequat imperdiet. Ut accumsan velit ac augue sollicitudin porta. Phasellus finibus porttitor felis, a feugiat purus tempus vel. Etiam vitae vehicula ex. Praesent ut tellus tellus. Fusce felis nunc, congue ac leo in, elementum vulputate nisi. Duis diam nulla, consequat ac mauris quis, viverra gravida urna.','activo',4,4),
(5, 'Los paparatzi captan escándalo en cámara','2025-01-09 00:00:00','Phasellus laoreet eros nec vestibulum varius. Nunc id efficitur lacus, non imperdiet quam. Aliquam porta, tellus at porta semper, felis velit congue mauris, eu pharetra felis sem vitae tortor. Curabitur bibendum vehicula dolor, nec accumsan tortor ultrices ac. Vivamus nec tristique orci. Nullam fringilla eros magna, vitae imperdiet nisl mattis et. Ut quis malesuada felis. Proin at dictum eros, eget sodales libero. Sed egestas tristique nisi et tempor. Ut cursus sapien eu pellentesque posuere. Etiam eleifend varius cursus.\n\nNullam viverra quam porta orci efficitur imperdiet. Quisque magna erat, dignissim nec velit sit amet, hendrerit mollis mauris. Mauris sapien magna, consectetur et vulputate a, iaculis eget nisi. Nunc est diam, aliquam quis turpis ac, porta mattis neque. Quisque consequat dolor sit amet velit commodo sagittis. Donec commodo pulvinar odio, ut gravida velit pellentesque vitae. Class aptent taciti sociosqu ad litora torquent per conubia nostra, per inceptos himenaeos.\n\nMorbi vulputate ante quis elit pretium, ut blandit felis aliquet. Aenean a massa a leo tristique malesuada. Curabitur posuere, elit sed consectetur blandit, massa mauris tristique ante, in faucibus elit justo quis nisi. Ut viverra est et arcu egestas fringilla. Mauris condimentum, lorem id viverra placerat, libero lacus ultricies est, id volutpat metus sapien non justo. Nulla facilisis, sapien ut vehicula tristique, mauris lectus porta massa, sit amet malesuada dolor justo id lectus. Suspendisse sit amet tempor ligula. Nam sit amet nisl non magna lacinia finibus eget nec augue. Aliquam ornare cursus dapibus. Lorem ipsum dolor sit amet, consectetur adipiscing elit.\n\nDonec ornare sem eget massa pharetra rhoncus. Donec tempor sapien at posuere porttitor. Morbi sodales efficitur felis eu scelerisque. Quisque ultrices nunc ut dignissim vehicula. Donec id imperdiet orci, sed porttitor turpis. Etiam volutpat elit sed justo lobortis, tincidunt imperdiet velit pretium. Ut convallis elit sapien, ac egestas ipsum finibus a. Morbi sed odio et dui tincidunt rhoncus tempor id turpis.\n\nProin fringilla consequat imperdiet. Ut accumsan velit ac augue sollicitudin porta. Phasellus finibus porttitor felis, a feugiat purus tempus vel. Etiam vitae vehicula ex. Praesent ut tellus tellus. Fusce felis nunc, congue ac leo in, elementum vulputate nisi. Duis diam nulla, consequat ac mauris quis, viverra gravida urna.','inactivo',4,4),
(6, 'Se mejora la conducción autónoma de vehículos','2022-05-23 00:00:00','Phasellus laoreet eros nec vestibulum varius. Nunc id efficitur lacus, non imperdiet quam. Aliquam porta, tellus at porta semper, felis velit congue mauris, eu pharetra felis sem vitae tortor. Curabitur bibendum vehicula dolor, nec accumsan tortor ultrices ac. Vivamus nec tristique orci. Nullam fringilla eros magna, vitae imperdiet nisl mattis et. Ut quis malesuada felis. Proin at dictum eros, eget sodales libero. Sed egestas tristique nisi et tempor. Ut cursus sapien eu pellentesque posuere. Etiam eleifend varius cursus.\n\nNullam viverra quam porta orci efficitur imperdiet. Quisque magna erat, dignissim nec velit sit amet, hendrerit mollis mauris. Mauris sapien magna, consectetur et vulputate a, iaculis eget nisi. Nunc est diam, aliquam quis turpis ac, porta mattis neque. Quisque consequat dolor sit amet velit commodo sagittis. Donec commodo pulvinar odio, ut gravida velit pellentesque vitae. Class aptent taciti sociosqu ad litora torquent per conubia nostra, per inceptos himenaeos.\n\nMorbi vulputate ante quis elit pretium, ut blandit felis aliquet. Aenean a massa a leo tristique malesuada. Curabitur posuere, elit sed consectetur blandit, massa mauris tristique ante, in faucibus elit justo quis nisi. Ut viverra est et arcu egestas fringilla. Mauris condimentum, lorem id viverra placerat, libero lacus ultricies est, id volutpat metus sapien non justo. Nulla facilisis, sapien ut vehicula tristique, mauris lectus porta massa, sit amet malesuada dolor justo id lectus. Suspendisse sit amet tempor ligula. Nam sit amet nisl non magna lacinia finibus eget nec augue. Aliquam ornare cursus dapibus. Lorem ipsum dolor sit amet, consectetur adipiscing elit.\n\nDonec ornare sem eget massa pharetra rhoncus. Donec tempor sapien at posuere porttitor. Morbi sodales efficitur felis eu scelerisque. Quisque ultrices nunc ut dignissim vehicula. Donec id imperdiet orci, sed porttitor turpis. Etiam volutpat elit sed justo lobortis, tincidunt imperdiet velit pretium. Ut convallis elit sapien, ac egestas ipsum finibus a. Morbi sed odio et dui tincidunt rhoncus tempor id turpis.\n\nProin fringilla consequat imperdiet. Ut accumsan velit ac augue sollicitudin porta. Phasellus finibus porttitor felis, a feugiat purus tempus vel. Etiam vitae vehicula ex. Praesent ut tellus tellus. Fusce felis nunc, congue ac leo in, elementum vulputate nisi. Duis diam nulla, consequat ac mauris quis, viverra gravida urna.','activo',1,2),
(7, 'Se descubre nueva partícula del modelo estandar','2023-01-10 00:00:00','Phasellus laoreet eros nec vestibulum varius. Nunc id efficitur lacus, non imperdiet quam. Aliquam porta, tellus at porta semper, felis velit congue mauris, eu pharetra felis sem vitae tortor. Curabitur bibendum vehicula dolor, nec accumsan tortor ultrices ac. Vivamus nec tristique orci. Nullam fringilla eros magna, vitae imperdiet nisl mattis et. Ut quis malesuada felis. Proin at dictum eros, eget sodales libero. Sed egestas tristique nisi et tempor. Ut cursus sapien eu pellentesque posuere. Etiam eleifend varius cursus.\n\nNullam viverra quam porta orci efficitur imperdiet. Quisque magna erat, dignissim nec velit sit amet, hendrerit mollis mauris. Mauris sapien magna, consectetur et vulputate a, iaculis eget nisi. Nunc est diam, aliquam quis turpis ac, porta mattis neque. Quisque consequat dolor sit amet velit commodo sagittis. Donec commodo pulvinar odio, ut gravida velit pellentesque vitae. Class aptent taciti sociosqu ad litora torquent per conubia nostra, per inceptos himenaeos.\n\nMorbi vulputate ante quis elit pretium, ut blandit felis aliquet. Aenean a massa a leo tristique malesuada. Curabitur posuere, elit sed consectetur blandit, massa mauris tristique ante, in faucibus elit justo quis nisi. Ut viverra est et arcu egestas fringilla. Mauris condimentum, lorem id viverra placerat, libero lacus ultricies est, id volutpat metus sapien non justo. Nulla facilisis, sapien ut vehicula tristique, mauris lectus porta massa, sit amet malesuada dolor justo id lectus. Suspendisse sit amet tempor ligula. Nam sit amet nisl non magna lacinia finibus eget nec augue. Aliquam ornare cursus dapibus. Lorem ipsum dolor sit amet, consectetur adipiscing elit.\n\nDonec ornare sem eget massa pharetra rhoncus. Donec tempor sapien at posuere porttitor. Morbi sodales efficitur felis eu scelerisque. Quisque ultrices nunc ut dignissim vehicula. Donec id imperdiet orci, sed porttitor turpis. Etiam volutpat elit sed justo lobortis, tincidunt imperdiet velit pretium. Ut convallis elit sapien, ac egestas ipsum finibus a. Morbi sed odio et dui tincidunt rhoncus tempor id turpis.\n\nProin fringilla consequat imperdiet. Ut accumsan velit ac augue sollicitudin porta. Phasellus finibus porttitor felis, a feugiat purus tempus vel. Etiam vitae vehicula ex. Praesent ut tellus tellus. Fusce felis nunc, congue ac leo in, elementum vulputate nisi. Duis diam nulla, consequat ac mauris quis, viverra gravida urna.','activo',2,1),
(8, 'Químicos descubren nanomaterial','2026-06-04 00:00:00','Phasellus laoreet eros nec vestibulum varius. Nunc id efficitur lacus, non imperdiet quam. Aliquam porta, tellus at porta semper, felis velit congue mauris, eu pharetra felis sem vitae tortor. Curabitur bibendum vehicula dolor, nec accumsan tortor ultrices ac. Vivamus nec tristique orci. Nullam fringilla eros magna, vitae imperdiet nisl mattis et. Ut quis malesuada felis. Proin at dictum eros, eget sodales libero. Sed egestas tristique nisi et tempor. Ut cursus sapien eu pellentesque posuere. Etiam eleifend varius cursus.\n\nNullam viverra quam porta orci efficitur imperdiet. Quisque magna erat, dignissim nec velit sit amet, hendrerit mollis mauris. Mauris sapien magna, consectetur et vulputate a, iaculis eget nisi. Nunc est diam, aliquam quis turpis ac, porta mattis neque. Quisque consequat dolor sit amet velit commodo sagittis. Donec commodo pulvinar odio, ut gravida velit pellentesque vitae. Class aptent taciti sociosqu ad litora torquent per conubia nostra, per inceptos himenaeos.\n\nMorbi vulputate ante quis elit pretium, ut blandit felis aliquet. Aenean a massa a leo tristique malesuada. Curabitur posuere, elit sed consectetur blandit, massa mauris tristique ante, in faucibus elit justo quis nisi. Ut viverra est et arcu egestas fringilla. Mauris condimentum, lorem id viverra placerat, libero lacus ultricies est, id volutpat metus sapien non justo. Nulla facilisis, sapien ut vehicula tristique, mauris lectus porta massa, sit amet malesuada dolor justo id lectus. Suspendisse sit amet tempor ligula. Nam sit amet nisl non magna lacinia finibus eget nec augue. Aliquam ornare cursus dapibus. Lorem ipsum dolor sit amet, consectetur adipiscing elit.\n\nDonec ornare sem eget massa pharetra rhoncus. Donec tempor sapien at posuere porttitor. Morbi sodales efficitur felis eu scelerisque. Quisque ultrices nunc ut dignissim vehicula. Donec id imperdiet orci, sed porttitor turpis. Etiam volutpat elit sed justo lobortis, tincidunt imperdiet velit pretium. Ut convallis elit sapien, ac egestas ipsum finibus a. Morbi sed odio et dui tincidunt rhoncus tempor id turpis.\n\nProin fringilla consequat imperdiet. Ut accumsan velit ac augue sollicitudin porta. Phasellus finibus porttitor felis, a feugiat purus tempus vel. Etiam vitae vehicula ex. Praesent ut tellus tellus. Fusce felis nunc, congue ac leo in, elementum vulputate nisi. Duis diam nulla, consequat ac mauris quis, viverra gravida urna.','activo',2,1),
(9, 'La bolsa cae estrepitosamente','2024-04-03 00:00:00','Phasellus laoreet eros nec vestibulum varius. Nunc id efficitur lacus, non imperdiet quam. Aliquam porta, tellus at porta semper, felis velit congue mauris, eu pharetra felis sem vitae tortor. Curabitur bibendum vehicula dolor, nec accumsan tortor ultrices ac. Vivamus nec tristique orci. Nullam fringilla eros magna, vitae imperdiet nisl mattis et. Ut quis malesuada felis. Proin at dictum eros, eget sodales libero. Sed egestas tristique nisi et tempor. Ut cursus sapien eu pellentesque posuere. Etiam eleifend varius cursus.\n\nNullam viverra quam porta orci efficitur imperdiet. Quisque magna erat, dignissim nec velit sit amet, hendrerit mollis mauris. Mauris sapien magna, consectetur et vulputate a, iaculis eget nisi. Nunc est diam, aliquam quis turpis ac, porta mattis neque. Quisque consequat dolor sit amet velit commodo sagittis. Donec commodo pulvinar odio, ut gravida velit pellentesque vitae. Class aptent taciti sociosqu ad litora torquent per conubia nostra, per inceptos himenaeos.\n\nMorbi vulputate ante quis elit pretium, ut blandit felis aliquet. Aenean a massa a leo tristique malesuada. Curabitur posuere, elit sed consectetur blandit, massa mauris tristique ante, in faucibus elit justo quis nisi. Ut viverra est et arcu egestas fringilla. Mauris condimentum, lorem id viverra placerat, libero lacus ultricies est, id volutpat metus sapien non justo. Nulla facilisis, sapien ut vehicula tristique, mauris lectus porta massa, sit amet malesuada dolor justo id lectus. Suspendisse sit amet tempor ligula. Nam sit amet nisl non magna lacinia finibus eget nec augue. Aliquam ornare cursus dapibus. Lorem ipsum dolor sit amet, consectetur adipiscing elit.\n\nDonec ornare sem eget massa pharetra rhoncus. Donec tempor sapien at posuere porttitor. Morbi sodales efficitur felis eu scelerisque. Quisque ultrices nunc ut dignissim vehicula. Donec id imperdiet orci, sed porttitor turpis. Etiam volutpat elit sed justo lobortis, tincidunt imperdiet velit pretium. Ut convallis elit sapien, ac egestas ipsum finibus a. Morbi sed odio et dui tincidunt rhoncus tempor id turpis.\n\nProin fringilla consequat imperdiet. Ut accumsan velit ac augue sollicitudin porta. Phasellus finibus porttitor felis, a feugiat purus tempus vel. Etiam vitae vehicula ex. Praesent ut tellus tellus. Fusce felis nunc, congue ac leo in, elementum vulputate nisi. Duis diam nulla, consequat ac mauris quis, viverra gravida urna.','activo',2,5),
(10, 'Bienes raices más baratos que nunca','2025-04-11 00:00:00','Phasellus laoreet eros nec vestibulum varius. Nunc id efficitur lacus, non imperdiet quam. Aliquam porta, tellus at porta semper, felis velit congue mauris, eu pharetra felis sem vitae tortor. Curabitur bibendum vehicula dolor, nec accumsan tortor ultrices ac. Vivamus nec tristique orci. Nullam fringilla eros magna, vitae imperdiet nisl mattis et. Ut quis malesuada felis. Proin at dictum eros, eget sodales libero. Sed egestas tristique nisi et tempor. Ut cursus sapien eu pellentesque posuere. Etiam eleifend varius cursus.\n\nNullam viverra quam porta orci efficitur imperdiet. Quisque magna erat, dignissim nec velit sit amet, hendrerit mollis mauris. Mauris sapien magna, consectetur et vulputate a, iaculis eget nisi. Nunc est diam, aliquam quis turpis ac, porta mattis neque. Quisque consequat dolor sit amet velit commodo sagittis. Donec commodo pulvinar odio, ut gravida velit pellentesque vitae. Class aptent taciti sociosqu ad litora torquent per conubia nostra, per inceptos himenaeos.\n\nMorbi vulputate ante quis elit pretium, ut blandit felis aliquet. Aenean a massa a leo tristique malesuada. Curabitur posuere, elit sed consectetur blandit, massa mauris tristique ante, in faucibus elit justo quis nisi. Ut viverra est et arcu egestas fringilla. Mauris condimentum, lorem id viverra placerat, libero lacus ultricies est, id volutpat metus sapien non justo. Nulla facilisis, sapien ut vehicula tristique, mauris lectus porta massa, sit amet malesuada dolor justo id lectus. Suspendisse sit amet tempor ligula. Nam sit amet nisl non magna lacinia finibus eget nec augue. Aliquam ornare cursus dapibus. Lorem ipsum dolor sit amet, consectetur adipiscing elit.\n\nDonec ornare sem eget massa pharetra rhoncus. Donec tempor sapien at posuere porttitor. Morbi sodales efficitur felis eu scelerisque. Quisque ultrices nunc ut dignissim vehicula. Donec id imperdiet orci, sed porttitor turpis. Etiam volutpat elit sed justo lobortis, tincidunt imperdiet velit pretium. Ut convallis elit sapien, ac egestas ipsum finibus a. Morbi sed odio et dui tincidunt rhoncus tempor id turpis.\n\nProin fringilla consequat imperdiet. Ut accumsan velit ac augue sollicitudin porta. Phasellus finibus porttitor felis, a feugiat purus tempus vel. Etiam vitae vehicula ex. Praesent ut tellus tellus. Fusce felis nunc, congue ac leo in, elementum vulputate nisi. Duis diam nulla, consequat ac mauris quis, viverra gravida urna.','inactivo',2,5),
(11, 'Se fortalece el peso frente al dolar','2021-10-09 00:00:00','Phasellus laoreet eros nec vestibulum varius. Nunc id efficitur lacus, non imperdiet quam. Aliquam porta, tellus at porta semper, felis velit congue mauris, eu pharetra felis sem vitae tortor. Curabitur bibendum vehicula dolor, nec accumsan tortor ultrices ac. Vivamus nec tristique orci. Nullam fringilla eros magna, vitae imperdiet nisl mattis et. Ut quis malesuada felis. Proin at dictum eros, eget sodales libero. Sed egestas tristique nisi et tempor. Ut cursus sapien eu pellentesque posuere. Etiam eleifend varius cursus.\n\nNullam viverra quam porta orci efficitur imperdiet. Quisque magna erat, dignissim nec velit sit amet, hendrerit mollis mauris. Mauris sapien magna, consectetur et vulputate a, iaculis eget nisi. Nunc est diam, aliquam quis turpis ac, porta mattis neque. Quisque consequat dolor sit amet velit commodo sagittis. Donec commodo pulvinar odio, ut gravida velit pellentesque vitae. Class aptent taciti sociosqu ad litora torquent per conubia nostra, per inceptos himenaeos.\n\nMorbi vulputate ante quis elit pretium, ut blandit felis aliquet. Aenean a massa a leo tristique malesuada. Curabitur posuere, elit sed consectetur blandit, massa mauris tristique ante, in faucibus elit justo quis nisi. Ut viverra est et arcu egestas fringilla. Mauris condimentum, lorem id viverra placerat, libero lacus ultricies est, id volutpat metus sapien non justo. Nulla facilisis, sapien ut vehicula tristique, mauris lectus porta massa, sit amet malesuada dolor justo id lectus. Suspendisse sit amet tempor ligula. Nam sit amet nisl non magna lacinia finibus eget nec augue. Aliquam ornare cursus dapibus. Lorem ipsum dolor sit amet, consectetur adipiscing elit.\n\nDonec ornare sem eget massa pharetra rhoncus. Donec tempor sapien at posuere porttitor. Morbi sodales efficitur felis eu scelerisque. Quisque ultrices nunc ut dignissim vehicula. Donec id imperdiet orci, sed porttitor turpis. Etiam volutpat elit sed justo lobortis, tincidunt imperdiet velit pretium. Ut convallis elit sapien, ac egestas ipsum finibus a. Morbi sed odio et dui tincidunt rhoncus tempor id turpis.\n\nProin fringilla consequat imperdiet. Ut accumsan velit ac augue sollicitudin porta. Phasellus finibus porttitor felis, a feugiat purus tempus vel. Etiam vitae vehicula ex. Praesent ut tellus tellus. Fusce felis nunc, congue ac leo in, elementum vulputate nisi. Duis diam nulla, consequat ac mauris quis, viverra gravida urna.','activo',1,5),
(12, 'Tenemos ganador de la formula e','2022-11-11 00:00:00','Phasellus laoreet eros nec vestibulum varius. Nunc id efficitur lacus, non imperdiet quam. Aliquam porta, tellus at porta semper, felis velit congue mauris, eu pharetra felis sem vitae tortor. Curabitur bibendum vehicula dolor, nec accumsan tortor ultrices ac. Vivamus nec tristique orci. Nullam fringilla eros magna, vitae imperdiet nisl mattis et. Ut quis malesuada felis. Proin at dictum eros, eget sodales libero. Sed egestas tristique nisi et tempor. Ut cursus sapien eu pellentesque posuere. Etiam eleifend varius cursus.\n\nNullam viverra quam porta orci efficitur imperdiet. Quisque magna erat, dignissim nec velit sit amet, hendrerit mollis mauris. Mauris sapien magna, consectetur et vulputate a, iaculis eget nisi. Nunc est diam, aliquam quis turpis ac, porta mattis neque. Quisque consequat dolor sit amet velit commodo sagittis. Donec commodo pulvinar odio, ut gravida velit pellentesque vitae. Class aptent taciti sociosqu ad litora torquent per conubia nostra, per inceptos himenaeos.\n\nMorbi vulputate ante quis elit pretium, ut blandit felis aliquet. Aenean a massa a leo tristique malesuada. Curabitur posuere, elit sed consectetur blandit, massa mauris tristique ante, in faucibus elit justo quis nisi. Ut viverra est et arcu egestas fringilla. Mauris condimentum, lorem id viverra placerat, libero lacus ultricies est, id volutpat metus sapien non justo. Nulla facilisis, sapien ut vehicula tristique, mauris lectus porta massa, sit amet malesuada dolor justo id lectus. Suspendisse sit amet tempor ligula. Nam sit amet nisl non magna lacinia finibus eget nec augue. Aliquam ornare cursus dapibus. Lorem ipsum dolor sit amet, consectetur adipiscing elit.\n\nDonec ornare sem eget massa pharetra rhoncus. Donec tempor sapien at posuere porttitor. Morbi sodales efficitur felis eu scelerisque. Quisque ultrices nunc ut dignissim vehicula. Donec id imperdiet orci, sed porttitor turpis. Etiam volutpat elit sed justo lobortis, tincidunt imperdiet velit pretium. Ut convallis elit sapien, ac egestas ipsum finibus a. Morbi sed odio et dui tincidunt rhoncus tempor id turpis.\n\nProin fringilla consequat imperdiet. Ut accumsan velit ac augue sollicitudin porta. Phasellus finibus porttitor felis, a feugiat purus tempus vel. Etiam vitae vehicula ex. Praesent ut tellus tellus. Fusce felis nunc, congue ac leo in, elementum vulputate nisi. Duis diam nulla, consequat ac mauris quis, viverra gravida urna.','activo',1,3),
(13, 'Ganan partido frente a visitantes','2023-12-10 00:00:00','Phasellus laoreet eros nec vestibulum varius. Nunc id efficitur lacus, non imperdiet quam. Aliquam porta, tellus at porta semper, felis velit congue mauris, eu pharetra felis sem vitae tortor. Curabitur bibendum vehicula dolor, nec accumsan tortor ultrices ac. Vivamus nec tristique orci. Nullam fringilla eros magna, vitae imperdiet nisl mattis et. Ut quis malesuada felis. Proin at dictum eros, eget sodales libero. Sed egestas tristique nisi et tempor. Ut cursus sapien eu pellentesque posuere. Etiam eleifend varius cursus.\n\nNullam viverra quam porta orci efficitur imperdiet. Quisque magna erat, dignissim nec velit sit amet, hendrerit mollis mauris. Mauris sapien magna, consectetur et vulputate a, iaculis eget nisi. Nunc est diam, aliquam quis turpis ac, porta mattis neque. Quisque consequat dolor sit amet velit commodo sagittis. Donec commodo pulvinar odio, ut gravida velit pellentesque vitae. Class aptent taciti sociosqu ad litora torquent per conubia nostra, per inceptos himenaeos.\n\nMorbi vulputate ante quis elit pretium, ut blandit felis aliquet. Aenean a massa a leo tristique malesuada. Curabitur posuere, elit sed consectetur blandit, massa mauris tristique ante, in faucibus elit justo quis nisi. Ut viverra est et arcu egestas fringilla. Mauris condimentum, lorem id viverra placerat, libero lacus ultricies est, id volutpat metus sapien non justo. Nulla facilisis, sapien ut vehicula tristique, mauris lectus porta massa, sit amet malesuada dolor justo id lectus. Suspendisse sit amet tempor ligula. Nam sit amet nisl non magna lacinia finibus eget nec augue. Aliquam ornare cursus dapibus. Lorem ipsum dolor sit amet, consectetur adipiscing elit.\n\nDonec ornare sem eget massa pharetra rhoncus. Donec tempor sapien at posuere porttitor. Morbi sodales efficitur felis eu scelerisque. Quisque ultrices nunc ut dignissim vehicula. Donec id imperdiet orci, sed porttitor turpis. Etiam volutpat elit sed justo lobortis, tincidunt imperdiet velit pretium. Ut convallis elit sapien, ac egestas ipsum finibus a. Morbi sed odio et dui tincidunt rhoncus tempor id turpis.\n\nProin fringilla consequat imperdiet. Ut accumsan velit ac augue sollicitudin porta. Phasellus finibus porttitor felis, a feugiat purus tempus vel. Etiam vitae vehicula ex. Praesent ut tellus tellus. Fusce felis nunc, congue ac leo in, elementum vulputate nisi. Duis diam nulla, consequat ac mauris quis, viverra gravida urna.','activo',2,3),
(14, 'Equipo veterano da un gran espectaculo','2023-12-01 00:00:00','Phasellus laoreet eros nec vestibulum varius. Nunc id efficitur lacus, non imperdiet quam. Aliquam porta, tellus at porta semper, felis velit congue mauris, eu pharetra felis sem vitae tortor. Curabitur bibendum vehicula dolor, nec accumsan tortor ultrices ac. Vivamus nec tristique orci. Nullam fringilla eros magna, vitae imperdiet nisl mattis et. Ut quis malesuada felis. Proin at dictum eros, eget sodales libero. Sed egestas tristique nisi et tempor. Ut cursus sapien eu pellentesque posuere. Etiam eleifend varius cursus.\n\nNullam viverra quam porta orci efficitur imperdiet. Quisque magna erat, dignissim nec velit sit amet, hendrerit mollis mauris. Mauris sapien magna, consectetur et vulputate a, iaculis eget nisi. Nunc est diam, aliquam quis turpis ac, porta mattis neque. Quisque consequat dolor sit amet velit commodo sagittis. Donec commodo pulvinar odio, ut gravida velit pellentesque vitae. Class aptent taciti sociosqu ad litora torquent per conubia nostra, per inceptos himenaeos.\n\nMorbi vulputate ante quis elit pretium, ut blandit felis aliquet. Aenean a massa a leo tristique malesuada. Curabitur posuere, elit sed consectetur blandit, massa mauris tristique ante, in faucibus elit justo quis nisi. Ut viverra est et arcu egestas fringilla. Mauris condimentum, lorem id viverra placerat, libero lacus ultricies est, id volutpat metus sapien non justo. Nulla facilisis, sapien ut vehicula tristique, mauris lectus porta massa, sit amet malesuada dolor justo id lectus. Suspendisse sit amet tempor ligula. Nam sit amet nisl non magna lacinia finibus eget nec augue. Aliquam ornare cursus dapibus. Lorem ipsum dolor sit amet, consectetur adipiscing elit.\n\nDonec ornare sem eget massa pharetra rhoncus. Donec tempor sapien at posuere porttitor. Morbi sodales efficitur felis eu scelerisque. Quisque ultrices nunc ut dignissim vehicula. Donec id imperdiet orci, sed porttitor turpis. Etiam volutpat elit sed justo lobortis, tincidunt imperdiet velit pretium. Ut convallis elit sapien, ac egestas ipsum finibus a. Morbi sed odio et dui tincidunt rhoncus tempor id turpis.\n\nProin fringilla consequat imperdiet. Ut accumsan velit ac augue sollicitudin porta. Phasellus finibus porttitor felis, a feugiat purus tempus vel. Etiam vitae vehicula ex. Praesent ut tellus tellus. Fusce felis nunc, congue ac leo in, elementum vulputate nisi. Duis diam nulla, consequat ac mauris quis, viverra gravida urna.','inactivo',2,3),
(15, 'Escándalo con el boxeador del momento','2025-03-05 00:00:00','Phasellus laoreet eros nec vestibulum varius. Nunc id efficitur lacus, non imperdiet quam. Aliquam porta, tellus at porta semper, felis velit congue mauris, eu pharetra felis sem vitae tortor. Curabitur bibendum vehicula dolor, nec accumsan tortor ultrices ac. Vivamus nec tristique orci. Nullam fringilla eros magna, vitae imperdiet nisl mattis et. Ut quis malesuada felis. Proin at dictum eros, eget sodales libero. Sed egestas tristique nisi et tempor. Ut cursus sapien eu pellentesque posuere. Etiam eleifend varius cursus.\n\nNullam viverra quam porta orci efficitur imperdiet. Quisque magna erat, dignissim nec velit sit amet, hendrerit mollis mauris. Mauris sapien magna, consectetur et vulputate a, iaculis eget nisi. Nunc est diam, aliquam quis turpis ac, porta mattis neque. Quisque consequat dolor sit amet velit commodo sagittis. Donec commodo pulvinar odio, ut gravida velit pellentesque vitae. Class aptent taciti sociosqu ad litora torquent per conubia nostra, per inceptos himenaeos.\n\nMorbi vulputate ante quis elit pretium, ut blandit felis aliquet. Aenean a massa a leo tristique malesuada. Curabitur posuere, elit sed consectetur blandit, massa mauris tristique ante, in faucibus elit justo quis nisi. Ut viverra est et arcu egestas fringilla. Mauris condimentum, lorem id viverra placerat, libero lacus ultricies est, id volutpat metus sapien non justo. Nulla facilisis, sapien ut vehicula tristique, mauris lectus porta massa, sit amet malesuada dolor justo id lectus. Suspendisse sit amet tempor ligula. Nam sit amet nisl non magna lacinia finibus eget nec augue. Aliquam ornare cursus dapibus. Lorem ipsum dolor sit amet, consectetur adipiscing elit.\n\nDonec ornare sem eget massa pharetra rhoncus. Donec tempor sapien at posuere porttitor. Morbi sodales efficitur felis eu scelerisque. Quisque ultrices nunc ut dignissim vehicula. Donec id imperdiet orci, sed porttitor turpis. Etiam volutpat elit sed justo lobortis, tincidunt imperdiet velit pretium. Ut convallis elit sapien, ac egestas ipsum finibus a. Morbi sed odio et dui tincidunt rhoncus tempor id turpis.\n\nProin fringilla consequat imperdiet. Ut accumsan velit ac augue sollicitudin porta. Phasellus finibus porttitor felis, a feugiat purus tempus vel. Etiam vitae vehicula ex. Praesent ut tellus tellus. Fusce felis nunc, congue ac leo in, elementum vulputate nisi. Duis diam nulla, consequat ac mauris quis, viverra gravida urna.','activo',4,4),
(16, 'Fuccia OS sacude al mundo','2028-10-10 00:00:00','Phasellus laoreet eros nec vestibulum varius. Nunc id efficitur lacus, non imperdiet quam. Aliquam porta, tellus at porta semper, felis velit congue mauris, eu pharetra felis sem vitae tortor. Curabitur bibendum vehicula dolor, nec accumsan tortor ultrices ac. Vivamus nec tristique orci. Nullam fringilla eros magna, vitae imperdiet nisl mattis et. Ut quis malesuada felis. Proin at dictum eros, eget sodales libero. Sed egestas tristique nisi et tempor. Ut cursus sapien eu pellentesque posuere. Etiam eleifend varius cursus.\n\nNullam viverra quam porta orci efficitur imperdiet. Quisque magna erat, dignissim nec velit sit amet, hendrerit mollis mauris. Mauris sapien magna, consectetur et vulputate a, iaculis eget nisi. Nunc est diam, aliquam quis turpis ac, porta mattis neque. Quisque consequat dolor sit amet velit commodo sagittis. Donec commodo pulvinar odio, ut gravida velit pellentesque vitae. Class aptent taciti sociosqu ad litora torquent per conubia nostra, per inceptos himenaeos.\n\nMorbi vulputate ante quis elit pretium, ut blandit felis aliquet. Aenean a massa a leo tristique malesuada. Curabitur posuere, elit sed consectetur blandit, massa mauris tristique ante, in faucibus elit justo quis nisi. Ut viverra est et arcu egestas fringilla. Mauris condimentum, lorem id viverra placerat, libero lacus ultricies est, id volutpat metus sapien non justo. Nulla facilisis, sapien ut vehicula tristique, mauris lectus porta massa, sit amet malesuada dolor justo id lectus. Suspendisse sit amet tempor ligula. Nam sit amet nisl non magna lacinia finibus eget nec augue. Aliquam ornare cursus dapibus. Lorem ipsum dolor sit amet, consectetur adipiscing elit.\n\nDonec ornare sem eget massa pharetra rhoncus. Donec tempor sapien at posuere porttitor. Morbi sodales efficitur felis eu scelerisque. Quisque ultrices nunc ut dignissim vehicula. Donec id imperdiet orci, sed porttitor turpis. Etiam volutpat elit sed justo lobortis, tincidunt imperdiet velit pretium. Ut convallis elit sapien, ac egestas ipsum finibus a. Morbi sed odio et dui tincidunt rhoncus tempor id turpis.\n\nProin fringilla consequat imperdiet. Ut accumsan velit ac augue sollicitudin porta. Phasellus finibus porttitor felis, a feugiat purus tempus vel. Etiam vitae vehicula ex. Praesent ut tellus tellus. Fusce felis nunc, congue ac leo in, elementum vulputate nisi. Duis diam nulla, consequat ac mauris quis, viverra gravida urna.','activo',1,2),
(17, 'U.S. Robotics presenta hallazgo','2029-01-10 00:00:00','Phasellus laoreet eros nec vestibulum varius. Nunc id efficitur lacus, non imperdiet quam. Aliquam porta, tellus at porta semper, felis velit congue mauris, eu pharetra felis sem vitae tortor. Curabitur bibendum vehicula dolor, nec accumsan tortor ultrices ac. Vivamus nec tristique orci. Nullam fringilla eros magna, vitae imperdiet nisl mattis et. Ut quis malesuada felis. Proin at dictum eros, eget sodales libero. Sed egestas tristique nisi et tempor. Ut cursus sapien eu pellentesque posuere. Etiam eleifend varius cursus.\n\nNullam viverra quam porta orci efficitur imperdiet. Quisque magna erat, dignissim nec velit sit amet, hendrerit mollis mauris. Mauris sapien magna, consectetur et vulputate a, iaculis eget nisi. Nunc est diam, aliquam quis turpis ac, porta mattis neque. Quisque consequat dolor sit amet velit commodo sagittis. Donec commodo pulvinar odio, ut gravida velit pellentesque vitae. Class aptent taciti sociosqu ad litora torquent per conubia nostra, per inceptos himenaeos.\n\nMorbi vulputate ante quis elit pretium, ut blandit felis aliquet. Aenean a massa a leo tristique malesuada. Curabitur posuere, elit sed consectetur blandit, massa mauris tristique ante, in faucibus elit justo quis nisi. Ut viverra est et arcu egestas fringilla. Mauris condimentum, lorem id viverra placerat, libero lacus ultricies est, id volutpat metus sapien non justo. Nulla facilisis, sapien ut vehicula tristique, mauris lectus porta massa, sit amet malesuada dolor justo id lectus. Suspendisse sit amet tempor ligula. Nam sit amet nisl non magna lacinia finibus eget nec augue. Aliquam ornare cursus dapibus. Lorem ipsum dolor sit amet, consectetur adipiscing elit.\n\nDonec ornare sem eget massa pharetra rhoncus. Donec tempor sapien at posuere porttitor. Morbi sodales efficitur felis eu scelerisque. Quisque ultrices nunc ut dignissim vehicula. Donec id imperdiet orci, sed porttitor turpis. Etiam volutpat elit sed justo lobortis, tincidunt imperdiet velit pretium. Ut convallis elit sapien, ac egestas ipsum finibus a. Morbi sed odio et dui tincidunt rhoncus tempor id turpis.\n\nProin fringilla consequat imperdiet. Ut accumsan velit ac augue sollicitudin porta. Phasellus finibus porttitor felis, a feugiat purus tempus vel. Etiam vitae vehicula ex. Praesent ut tellus tellus. Fusce felis nunc, congue ac leo in, elementum vulputate nisi. Duis diam nulla, consequat ac mauris quis, viverra gravida urna.\n','activo',1,2),
(18, 'Cierra campeonato mundial de football de manera impresionante','2023-04-10 00:00:00','Phasellus laoreet eros nec vestibulum varius. Nunc id efficitur lacus, non imperdiet quam. Aliquam porta, tellus at porta semper, felis velit congue mauris, eu pharetra felis sem vitae tortor. Curabitur bibendum vehicula dolor, nec accumsan tortor ultrices ac. Vivamus nec tristique orci. Nullam fringilla eros magna, vitae imperdiet nisl mattis et. Ut quis malesuada felis. Proin at dictum eros, eget sodales libero. Sed egestas tristique nisi et tempor. Ut cursus sapien eu pellentesque posuere. Etiam eleifend varius cursus.\n\nNullam viverra quam porta orci efficitur imperdiet. Quisque magna erat, dignissim nec velit sit amet, hendrerit mollis mauris. Mauris sapien magna, consectetur et vulputate a, iaculis eget nisi. Nunc est diam, aliquam quis turpis ac, porta mattis neque. Quisque consequat dolor sit amet velit commodo sagittis. Donec commodo pulvinar odio, ut gravida velit pellentesque vitae. Class aptent taciti sociosqu ad litora torquent per conubia nostra, per inceptos himenaeos.\n\nMorbi vulputate ante quis elit pretium, ut blandit felis aliquet. Aenean a massa a leo tristique malesuada. Curabitur posuere, elit sed consectetur blandit, massa mauris tristique ante, in faucibus elit justo quis nisi. Ut viverra est et arcu egestas fringilla. Mauris condimentum, lorem id viverra placerat, libero lacus ultricies est, id volutpat metus sapien non justo. Nulla facilisis, sapien ut vehicula tristique, mauris lectus porta massa, sit amet malesuada dolor justo id lectus. Suspendisse sit amet tempor ligula. Nam sit amet nisl non magna lacinia finibus eget nec augue. Aliquam ornare cursus dapibus. Lorem ipsum dolor sit amet, consectetur adipiscing elit.\n\nDonec ornare sem eget massa pharetra rhoncus. Donec tempor sapien at posuere porttitor. Morbi sodales efficitur felis eu scelerisque. Quisque ultrices nunc ut dignissim vehicula. Donec id imperdiet orci, sed porttitor turpis. Etiam volutpat elit sed justo lobortis, tincidunt imperdiet velit pretium. Ut convallis elit sapien, ac egestas ipsum finibus a. Morbi sed odio et dui tincidunt rhoncus tempor id turpis.\n\nProin fringilla consequat imperdiet. Ut accumsan velit ac augue sollicitudin porta. Phasellus finibus porttitor felis, a feugiat purus tempus vel. Etiam vitae vehicula ex. Praesent ut tellus tellus. Fusce felis nunc, congue ac leo in, elementum vulputate nisi. Duis diam nulla, consequat ac mauris quis, viverra gravida urna.\n','activo',2,3),
(19, 'Escándalo en el mundo de la moda','2022-04-11 00:00:00','Phasellus laoreet eros nec vestibulum varius. Nunc id efficitur lacus, non imperdiet quam. Aliquam porta, tellus at porta semper, felis velit congue mauris, eu pharetra felis sem vitae tortor. Curabitur bibendum vehicula dolor, nec accumsan tortor ultrices ac. Vivamus nec tristique orci. Nullam fringilla eros magna, vitae imperdiet nisl mattis et. Ut quis malesuada felis. Proin at dictum eros, eget sodales libero. Sed egestas tristique nisi et tempor. Ut cursus sapien eu pellentesque posuere. Etiam eleifend varius cursus.\n\nNullam viverra quam porta orci efficitur imperdiet. Quisque magna erat, dignissim nec velit sit amet, hendrerit mollis mauris. Mauris sapien magna, consectetur et vulputate a, iaculis eget nisi. Nunc est diam, aliquam quis turpis ac, porta mattis neque. Quisque consequat dolor sit amet velit commodo sagittis. Donec commodo pulvinar odio, ut gravida velit pellentesque vitae. Class aptent taciti sociosqu ad litora torquent per conubia nostra, per inceptos himenaeos.\n\nMorbi vulputate ante quis elit pretium, ut blandit felis aliquet. Aenean a massa a leo tristique malesuada. Curabitur posuere, elit sed consectetur blandit, massa mauris tristique ante, in faucibus elit justo quis nisi. Ut viverra est et arcu egestas fringilla. Mauris condimentum, lorem id viverra placerat, libero lacus ultricies est, id volutpat metus sapien non justo. Nulla facilisis, sapien ut vehicula tristique, mauris lectus porta massa, sit amet malesuada dolor justo id lectus. Suspendisse sit amet tempor ligula. Nam sit amet nisl non magna lacinia finibus eget nec augue. Aliquam ornare cursus dapibus. Lorem ipsum dolor sit amet, consectetur adipiscing elit.\n\nDonec ornare sem eget massa pharetra rhoncus. Donec tempor sapien at posuere porttitor. Morbi sodales efficitur felis eu scelerisque. Quisque ultrices nunc ut dignissim vehicula. Donec id imperdiet orci, sed porttitor turpis. Etiam volutpat elit sed justo lobortis, tincidunt imperdiet velit pretium. Ut convallis elit sapien, ac egestas ipsum finibus a. Morbi sed odio et dui tincidunt rhoncus tempor id turpis.\n\nProin fringilla consequat imperdiet. Ut accumsan velit ac augue sollicitudin porta. Phasellus finibus porttitor felis, a feugiat purus tempus vel. Etiam vitae vehicula ex. Praesent ut tellus tellus. Fusce felis nunc, congue ac leo in, elementum vulputate nisi. Duis diam nulla, consequat ac mauris quis, viverra gravida urna.\n','activo',4,4),
(20, 'Tenemos campeona del mundial de volleiball','2024-09-09 00:00:00','Phasellus laoreet eros nec vestibulum varius. Nunc id efficitur lacus, non imperdiet quam. Aliquam porta, tellus at porta semper, felis velit congue mauris, eu pharetra felis sem vitae tortor. Curabitur bibendum vehicula dolor, nec accumsan tortor ultrices ac. Vivamus nec tristique orci. Nullam fringilla eros magna, vitae imperdiet nisl mattis et. Ut quis malesuada felis. Proin at dictum eros, eget sodales libero. Sed egestas tristique nisi et tempor. Ut cursus sapien eu pellentesque posuere. Etiam eleifend varius cursus.\n\nNullam viverra quam porta orci efficitur imperdiet. Quisque magna erat, dignissim nec velit sit amet, hendrerit mollis mauris. Mauris sapien magna, consectetur et vulputate a, iaculis eget nisi. Nunc est diam, aliquam quis turpis ac, porta mattis neque. Quisque consequat dolor sit amet velit commodo sagittis. Donec commodo pulvinar odio, ut gravida velit pellentesque vitae. Class aptent taciti sociosqu ad litora torquent per conubia nostra, per inceptos himenaeos.\n\nMorbi vulputate ante quis elit pretium, ut blandit felis aliquet. Aenean a massa a leo tristique malesuada. Curabitur posuere, elit sed consectetur blandit, massa mauris tristique ante, in faucibus elit justo quis nisi. Ut viverra est et arcu egestas fringilla. Mauris condimentum, lorem id viverra placerat, libero lacus ultricies est, id volutpat metus sapien non justo. Nulla facilisis, sapien ut vehicula tristique, mauris lectus porta massa, sit amet malesuada dolor justo id lectus. Suspendisse sit amet tempor ligula. Nam sit amet nisl non magna lacinia finibus eget nec augue. Aliquam ornare cursus dapibus. Lorem ipsum dolor sit amet, consectetur adipiscing elit.\n\nDonec ornare sem eget massa pharetra rhoncus. Donec tempor sapien at posuere porttitor. Morbi sodales efficitur felis eu scelerisque. Quisque ultrices nunc ut dignissim vehicula. Donec id imperdiet orci, sed porttitor turpis. Etiam volutpat elit sed justo lobortis, tincidunt imperdiet velit pretium. Ut convallis elit sapien, ac egestas ipsum finibus a. Morbi sed odio et dui tincidunt rhoncus tempor id turpis.\n\nProin fringilla consequat imperdiet. Ut accumsan velit ac augue sollicitudin porta. Phasellus finibus porttitor felis, a feugiat purus tempus vel. Etiam vitae vehicula ex. Praesent ut tellus tellus. Fusce felis nunc, congue ac leo in, elementum vulputate nisi. Duis diam nulla, consequat ac mauris quis, viverra gravida urna.\n','inactivo',2,3),
(21, 'Se descubre la unión entre astrofísica y fisica cuántica','2022-05-03 00:00:00','Phasellus laoreet eros nec vestibulum varius. Nunc id efficitur lacus, non imperdiet quam. Aliquam porta, tellus at porta semper, felis velit congue mauris, eu pharetra felis sem vitae tortor. Curabitur bibendum vehicula dolor, nec accumsan tortor ultrices ac. Vivamus nec tristique orci. Nullam fringilla eros magna, vitae imperdiet nisl mattis et. Ut quis malesuada felis. Proin at dictum eros, eget sodales libero. Sed egestas tristique nisi et tempor. Ut cursus sapien eu pellentesque posuere. Etiam eleifend varius cursus.\n\nNullam viverra quam porta orci efficitur imperdiet. Quisque magna erat, dignissim nec velit sit amet, hendrerit mollis mauris. Mauris sapien magna, consectetur et vulputate a, iaculis eget nisi. Nunc est diam, aliquam quis turpis ac, porta mattis neque. Quisque consequat dolor sit amet velit commodo sagittis. Donec commodo pulvinar odio, ut gravida velit pellentesque vitae. Class aptent taciti sociosqu ad litora torquent per conubia nostra, per inceptos himenaeos.\n\nMorbi vulputate ante quis elit pretium, ut blandit felis aliquet. Aenean a massa a leo tristique malesuada. Curabitur posuere, elit sed consectetur blandit, massa mauris tristique ante, in faucibus elit justo quis nisi. Ut viverra est et arcu egestas fringilla. Mauris condimentum, lorem id viverra placerat, libero lacus ultricies est, id volutpat metus sapien non justo. Nulla facilisis, sapien ut vehicula tristique, mauris lectus porta massa, sit amet malesuada dolor justo id lectus. Suspendisse sit amet tempor ligula. Nam sit amet nisl non magna lacinia finibus eget nec augue. Aliquam ornare cursus dapibus. Lorem ipsum dolor sit amet, consectetur adipiscing elit.\n\nDonec ornare sem eget massa pharetra rhoncus. Donec tempor sapien at posuere porttitor. Morbi sodales efficitur felis eu scelerisque. Quisque ultrices nunc ut dignissim vehicula. Donec id imperdiet orci, sed porttitor turpis. Etiam volutpat elit sed justo lobortis, tincidunt imperdiet velit pretium. Ut convallis elit sapien, ac egestas ipsum finibus a. Morbi sed odio et dui tincidunt rhoncus tempor id turpis.\n\nProin fringilla consequat imperdiet. Ut accumsan velit ac augue sollicitudin porta. Phasellus finibus porttitor felis, a feugiat purus tempus vel. Etiam vitae vehicula ex. Praesent ut tellus tellus. Fusce felis nunc, congue ac leo in, elementum vulputate nisi. Duis diam nulla, consequat ac mauris quis, viverra gravida urna.\n','inactivo',3,1),
(22, 'El post que se quedó huérfano','2029-08-08 00:00:00','\'Phasellus laoreet eros nec vestibulum varius. Nunc id efficitur lacus, non imperdiet quam. Aliquam porta, tellus at porta semper, felis velit congue mauris, eu pharetra felis sem vitae tortor. Curabitur bibendum vehicula dolor, nec accumsan tortor ultrices ac. Vivamus nec tristique orci. Nullam fringilla eros magna, vitae imperdiet nisl mattis et. Ut quis malesuada felis. Proin at dictum eros, eget sodales libero. Sed egestas tristique nisi et tempor. Ut cursus sapien eu pellentesque posuere. Etiam eleifend varius cursus.\n\nNullam viverra quam porta orci efficitur imperdiet. Quisque magna erat, dignissim nec velit sit amet, hendrerit mollis mauris. Mauris sapien magna, consectetur et vulputate a, iaculis eget nisi. Nunc est diam, aliquam quis turpis ac, porta mattis neque. Quisque consequat dolor sit amet velit commodo sagittis. Donec commodo pulvinar odio, ut gravida velit pellentesque vitae. Class aptent taciti sociosqu ad litora torquent per conubia nostra, per inceptos himenaeos.\n\nMorbi vulputate ante quis elit pretium, ut blandit felis aliquet. Aenean a massa a leo tristique malesuada. Curabitur posuere, elit sed consectetur blandit, massa mauris tristique ante, in faucibus elit justo quis nisi. Ut viverra est et arcu egestas fringilla. Mauris condimentum, lorem id viverra placerat, libero lacus ultricies est, id volutpat metus sapien non justo. Nulla facilisis, sapien ut vehicula tristique, mauris lectus porta massa, sit amet malesuada dolor justo id lectus. Suspendisse sit amet tempor ligula. Nam sit amet nisl non magna lacinia finibus eget nec augue. Aliquam ornare cursus dapibus. Lorem ipsum dolor sit amet, consectetur adipiscing elit.\n\nDonec ornare sem eget massa pharetra rhoncus. Donec tempor sapien at posuere porttitor. Morbi sodales efficitur felis eu scelerisque. Quisque ultrices nunc ut dignissim vehicula. Donec id imperdiet orci, sed porttitor turpis. Etiam volutpat elit sed justo lobortis, tincidunt imperdiet velit pretium. Ut convallis elit sapien, ac egestas ipsum finibus a. Morbi sed odio et dui tincidunt rhoncus tempor id turpis.\n\nProin fringilla consequat imperdiet. Ut accumsan velit ac augue sollicitudin porta. Phasellus finibus porttitor felis, a feugiat purus tempus vel. Etiam vitae vehicula ex. Praesent ut tellus tellus. Fusce felis nunc, congue ac leo in, elementum vulputate nisi. Duis diam nulla, consequat ac mauris quis, viverra gravida urna.\n\'','activo',2,3);

INSERT INTO posts_etiquetas (post_id, etiqueta_id) 
VALUES (1, 3),
(1,11),
(2,2),
(2,4),
(3,14),
(3,13),
(4,10),
(4,11),
(4,12),
(4,20),
(5,10),
(6,1),
(6,2),
(6,4),
(6,13),
(7,13),
(7,14),
(7,17),
(8,13),
(8,14),
(8,16),
(9,7),
(9,8),
(9,9),
(9,18),
(10,8),
(11,18),
(12,7),
(13,8),
(14,4),
(14,5),
(15,5),
(15,6),
(16,5),
(16,6),
(16,10),
(17,2),
(17,3),
(18,13),
(19,1),
(19,13),
(20,10),
(20,5),
(20,6),
(20,10),
(20,12),
(21,20),
(21,5),
(21,10),
(22,13),
(22,14),
(22,17),
(22,19);


